Product ID,Product Type,Code,Name,Brand,Description,Cost Price,Retail Price,Sale Price,Calculated Price,Fixed Shipping Price,Free Shipping,Warranty,Weight,Width,Height,Depth,Allow Purchases,Product Visible,Product Availability,Product Inventoried,Colors,Sizes,Material,Stock Level,Low Stock Level,Date Added,Date Modified,Category Details,Images,Variant Images,Page Title,META Keywords,META Description,Product Condition,Product URL,Redirect Old URL?
,P,32708594640,", Foxwell NT630 Plus OBD2 Scanner OBD 2 ABS Airbag SRS SAS Crash Data Reset Auto ODB2 Car Diagnostic Tools OBD Automotive Scanner",,"Brand Name: FOXWELL<br>Hign-concerned Chemical: None<br>Origin: Mainland China<br>Hardware Version: newest obd2 scanner diagnostic auto<br>Special Features: OBD2<br>Software Version: newest obd2 Engine ABS SRS Airbag reset tool<br>Item Type: Code Readers & Scan Tools<br>Certification: CE<br>Language: Spanish<br>Language: german<br>Language: Italian<br>Language: hungarian<br>Language: FRENCH<br>Language: Russian<br>Language: Korea<br>Language: japanese<br>Language: THAI<br>Language: DUTCH<br>Language: English<br>Language: Portuguese<br>Language: SWEDISH<br>Software Update: Yes<br>Model name: Foxwell NT630 Plus OBD2 Scanner<br>NT630 Support Languages: English,French,Spanish,Dutch ,Russian,Portuguese,Korean.etc<br>NT630 Vehicle Coverage: Includes 56 manufacturers,Works Until latest 2018/2019 models<br>NT630 function 1: OBDII Engine Check,read/clear codes,etc<br>NT630 function 2: Anti Lock Brake System Service Reset<br>NT630 function 3: Safety Airbag Crash Data Service Reset<br>NT630 function 4: Steering Wheel Angle Sensor Service Reset<br>OBD2 Automotive Scanner nt630 Plus: OBD2 airbag ABS Scanner obd2 ABS air bag SRS SAS reset<br>Free Update: Free Update Lifetime<br>Free Warranty: 1 Year<br>FOXWELL NT630 Plus: 100% Original<br>Choice: yes<br>semi_Choice: yes",0,0,0,,"0,00 US$",N,,0,0,0,0,Y,Y,Available,N,,,,997,0,,,"Category Name: Automobiles & Motorcycles, Category Path: Automobiles & Motorcycles|Category Name: Car Repair Tools, Category Path: Automobiles & Motorcycles/Car Repair Tools|Category Name: Code Readers & Scan Tools, Category Path: Automobiles & Motorcycles/Car Repair Tools/Code Readers & Scan Tools",https://media.modalyst.co/cache/4e/d3/4ed398f33cdceb0aec455d7d57281ed6.jpg,,,,,New,--Foxwell-NT630-Plus-OBD2-Scanner-OBD-2-ABS-Airbag-SRS-SAS-Crash-Data-Reset-Auto-ODB2-Car-Diagnostic-Tools-OBD-Automotive-Scanner,
,,,,,,,,,,,,,,,,,,,,,,,,,,,,,https://media.modalyst.co/cache/06/b9/06b9a95b0bc335b3dcd0be46c2a718b3.png,,,,,,,
,,,,,,,,,,,,,,,,,,,,,,,,,,,,,https://media.modalyst.co/cache/88/1e/881ebcfa99ba88dc4cfa5ccc723a4322.png,,,,,,,
,,,,,,,,,,,,,,,,,,,,,,,,,,,,,https://media.modalyst.co/cache/bd/84/bd8404028ef519c1d9e2a6265214673e.png,,,,,,,
,,,,,,,,,,,,,,,,,,,,,,,,,,,,,https://media.modalyst.co/cache/25/3d/253de06a9c07818c0532b58416b84719.png,,,,,,,
,,,,,,,,,,,,,,,,,,,,,,,,,,,,,https://media.modalyst.co/cache/fe/f0/fef0c548ea882983547f79647ff9fbd7.png,,,,,,,
,,,,,,,,,,,,,,,,,,,,,,,,,,,,,https://media.modalyst.co/cache/c9/84/c984a83ee21b3aa8e30e28f0b537f0ad.jpg,,,,,,,
,,,,,,,,,323.75,,,,,,,,,,,,NT630 Plus Carton,,,997,,,,,https://media.modalyst.co/cache/4e/d3/4ed398f33cdceb0aec455d7d57281ed6.jpg,https://media.modalyst.co/cache/4c/de/4cde7edcbfc153eddd5e4f126cedf5c3.jpg,,,,,,
,P,32870490203,", Flax Car Seat Cover Front Rear Back Linen Fabric Cushion Summer Breathable Protector Mat Pad Vehicle Auto Accessories Universal",,"Brand Name: NoEnName_Null<br>Applicable Season: Four Seasons<br>Material: FLAX<br>Origin: Mainland China<br>CN: Guangdong<br>Item Length: 133<br>Special Features: Storage & Tidying<br>Special Features: Basic Function<br>Item Width: 49<br>Item Height: 49<br>Item Type: Seat Covers & Supports<br>Item Weight: 1<br>Set Piece: 1<br>Mfg Series Number: Linen car seat cover<br>Color: Black,Grey, Beige,Purple,Brown<br>Special Features: Car Seat Cushion<br>Car Seat Cover: Flax Car Seat Cover<br>Car Seat Cushion: Car Seat Protector<br>Summer Car Seat Cover: Accessories Interior<br>Car Interior: Auto Seat Cover<br>Car Make: Universal Size for All Types of Seats<br>Dirt-resistant Protector: Luxury Car Interiors",0,0,0,,"0,00 US$",N,,0,0,0,0,Y,Y,Available,N,,,,13583,0,,,"Category Name: Automobiles & Motorcycles, Category Path: Automobiles & Motorcycles|Category Name: Interior Accessories, Category Path: Automobiles & Motorcycles/Interior Accessories|Category Name: Automobiles Seat Covers, Category Path: Automobiles & Motorcycles/Interior Accessories/Automobiles Seat Covers",https://media.modalyst.co/cache/f4/a1/f4a1bda24af30d12ec622badbc682a43.jpg,,,,,New,--Flax-Car-Seat-Cover-Front-Rear-Back-Linen-Fabric-Cushion-Summer-Breathable-Protector-Mat-Pad-Vehicle-Auto-Accessories-Universal,
,,,,,,,,,,,,,,,,,,,,,,,,,,,,,https://media.modalyst.co/cache/25/c3/25c3d9544872503c78fdf7e0190b5511.jpg,,,,,,,
,,,,,,,,,,,,,,,,,,,,,,,,,,,,,https://media.modalyst.co/cache/97/ba/97ba9fc74577da946dc995b4469865b8.jpg,,,,,,,
,,,,,,,,,,,,,,,,,,,,,,,,,,,,,https://media.modalyst.co/cache/48/bb/48bb6d3d4b12ecd83deb4510f3577d36.jpg,,,,,,,
,,,,,,,,,,,,,,,,,,,,,,,,,,,,,https://media.modalyst.co/cache/6d/15/6d157eff01adea223fdc0a0fde53d8d6.jpg,,,,,,,
,,,,,,,,,,,,,,,,,,,,,,,,,,,,,https://media.modalyst.co/cache/80/3d/803d35b3dae56e01e21bb817c152ed8a.jpg,,,,,,,
,,,,,,,,,,,,,,,,,,,,,,,,,,,,,https://media.modalyst.co/cache/30/41/30411f007bb234c5bd6e33b11ed0f6a6.jpg,,,,,,,
,,,,,,,,,,,,,,,,,,,,,,,,,,,,,https://media.modalyst.co/cache/f0/a7/f0a7f3656ef91d7153d834d8a5321e39.jpg,,,,,,,
,,,,,,,,,,,,,,,,,,,,,,,,,,,,,https://media.modalyst.co/cache/a5/42/a542d543a0832fbe9abf94ab6c1352d4.jpg,,,,,,,
,,,,,,,,,,,,,,,,,,,,,,,,,,,,,https://media.modalyst.co/cache/c7/f2/c7f2ca52927ca16399f748742341d65d.jpg,,,,,,,
,,,,,,,,,,,,,,,,,,,,,,,,,,,,,https://media.modalyst.co/cache/18/bd/18bdf48fb690fbf229e79aacbfbe2ee6.jpg,,,,,,,
,,,,,,,,,,,,,,,,,,,,,,,,,,,,,https://media.modalyst.co/cache/26/af/26af33ae66236d575f2fc18d9707cbd1.jpg,,,,,,,
,,,,,,,,,,,,,,,,,,,,,,,,,,,,,https://media.modalyst.co/cache/e6/ff/e6ff3f79baf29a41df013d7fa2a6acb5.jpg,,,,,,,
,,,,,,,,,,,,,,,,,,,,,,,,,,,,,https://media.modalyst.co/cache/b8/5f/b85f18b8cebcb7528a51e0f98720701d.jpg,,,,,,,
,,,,,,,,,,,,,,,,,,,,,,,,,,,,,https://media.modalyst.co/cache/97/6f/976f08c1eaa18c7ce431fabc83a0a1af.jpg,,,,,,,
,,,,,,,,,,,,,,,,,,,,,,,,,,,,,https://media.modalyst.co/cache/07/21/0721dcd5a9cababfb6162b6d2dc9c1cf.jpg,,,,,,,
,,,,,,,,,,,,,,,,,,,,,,,,,,,,,https://media.modalyst.co/cache/c0/dd/c0ddfb1335614f9cc75606bad9e0cb95.jpg,,,,,,,
,,,,,,,,,,,,,,,,,,,,,,,,,,,,,https://media.modalyst.co/cache/1d/68/1d6846e34b3863a9f45ff9d37a4e9467.jpg,,,,,,,
,,,,,,,,,,,,,,,,,,,,,,,,,,,,,https://media.modalyst.co/cache/65/94/6594e263aae97d3d983739ebcb03c760.jpg,,,,,,,
,,,,,,,,,,,,,,,,,,,,,,,,,,,,,https://media.modalyst.co/cache/25/b9/25b98271e18f2b6d8f675a7643f4ac6a.jpg,,,,,,,
,,,,,,,,,,,,,,,,,,,,,,,,,,,,,https://media.modalyst.co/cache/32/06/3206577dd9c1f26c1d33bb77e2b7fe99.jpg,,,,,,,
,,,,,,,,,,,,,,,,,,,,,,,,,,,,,https://media.modalyst.co/cache/e9/78/e978ba628c027b499b8d3af54bb14666.jpg,,,,,,,
,,,,,,,,,,,,,,,,,,,,,,,,,,,,,https://media.modalyst.co/cache/e7/29/e729b8dae3ca78e09c7ffba3b36a94bb.jpg,,,,,,,
,,,,,,,,,,,,,,,,,,,,,,,,,,,,,https://media.modalyst.co/cache/1e/19/1e19edfd0613e584232697fd511f09e1.jpg,,,,,,,
,,,,,,,,,,,,,,,,,,,,,,,,,,,,,https://media.modalyst.co/cache/a6/6f/a66f4ede6afcc84d0a617b90a5f2f37c.jpg,,,,,,,
,,,,,,,,,,,,,,,,,,,,,,,,,,,,,https://media.modalyst.co/cache/ea/78/ea780ac3defb3cf1599c3e7121b5cc99.jpg,,,,,,,
,,,,,,,,,,,,,,,,,,,,,,,,,,,,,https://media.modalyst.co/cache/db/08/db08dd4e26edca3b6a49a48306191766.jpg,,,,,,,
,,,,,,,,,,,,,,,,,,,,,,,,,,,,,https://media.modalyst.co/cache/7e/e8/7ee8ef0ced75079c8c2b9fff5a11a9fb.jpg,,,,,,,
,,,,,,,,,,,,,,,,,,,,,,,,,,,,,https://media.modalyst.co/cache/9e/9f/9e9f92d6c52f46dc6be59099a5db3477.jpg,,,,,,,
,,,,,,,,,,,,,,,,,,,,,,,,,,,,,https://media.modalyst.co/cache/77/63/7763bc3a94546bb65c2de7bb9de130c1.jpg,,,,,,,
,,,,,,,,,,,,,,,,,,,,,,,,,,,,,https://media.modalyst.co/cache/e7/a7/e7a72ee9b1aaa92f4d2ec21654c673f3.jpg,,,,,,,
,,,,,,,,,,,,,,,,,,,,,,,,,,,,,https://media.modalyst.co/cache/7b/8e/7b8efce0d7262d0ece3624942ee4e1ca.jpg,,,,,,,
,,,,,,,,,,,,,,,,,,,,,,,,,,,,,https://media.modalyst.co/cache/55/a1/55a10ff640525c26a061459528507d4f.jpg,,,,,,,
,,,,,,,,,50.50,,,,,,,,,,,,ONE COLOR,ONE SIZE,,0,,,,,https://media.modalyst.co/cache/f4/a1/f4a1bda24af30d12ec622badbc682a43.jpg,https://media.modalyst.co/cache/4c/de/4cde7edcbfc153eddd5e4f126cedf5c3.jpg,,,,,,
,,,,,,,,,70.50,,,,,,,,,,,,,,,0,,,,,https://media.modalyst.co/cache/f4/a1/f4a1bda24af30d12ec622badbc682a43.jpg,https://media.modalyst.co/cache/4c/de/4cde7edcbfc153eddd5e4f126cedf5c3.jpg,,,,,,
,,,,,,,,,18.00,,,,,,,,,,,,,,,0,,,,,https://media.modalyst.co/cache/f4/a1/f4a1bda24af30d12ec622badbc682a43.jpg,https://media.modalyst.co/cache/4c/de/4cde7edcbfc153eddd5e4f126cedf5c3.jpg,,,,,,
,,,,,,,,,18.00,,,,,,,,,,,,ONE COLOR,ONE SIZE,,0,,,,,https://media.modalyst.co/cache/f4/a1/f4a1bda24af30d12ec622badbc682a43.jpg,https://media.modalyst.co/cache/4c/de/4cde7edcbfc153eddd5e4f126cedf5c3.jpg,,,,,,
,,,,,,,,,70.50,,,,,,,,,,,,ONE COLOR,ONE SIZE,,0,,,,,https://media.modalyst.co/cache/f4/a1/f4a1bda24af30d12ec622badbc682a43.jpg,https://media.modalyst.co/cache/4c/de/4cde7edcbfc153eddd5e4f126cedf5c3.jpg,,,,,,
,,,,,,,,,70.50,,,,,,,,,,,,ONE COLOR,ONE SIZE,,0,,,,,https://media.modalyst.co/cache/f4/a1/f4a1bda24af30d12ec622badbc682a43.jpg,https://media.modalyst.co/cache/4c/de/4cde7edcbfc153eddd5e4f126cedf5c3.jpg,,,,,,
,,,,,,,,,18.00,,,,,,,,,,,,ONE COLOR,ONE SIZE,,0,,,,,https://media.modalyst.co/cache/f4/a1/f4a1bda24af30d12ec622badbc682a43.jpg,https://media.modalyst.co/cache/4c/de/4cde7edcbfc153eddd5e4f126cedf5c3.jpg,,,,,,
,,,,,,,,,18.00,,,,,,,,,,,,ONE COLOR,ONE SIZE,,0,,,,,https://media.modalyst.co/cache/f4/a1/f4a1bda24af30d12ec622badbc682a43.jpg,https://media.modalyst.co/cache/4c/de/4cde7edcbfc153eddd5e4f126cedf5c3.jpg,,,,,,
,,,,,,,,,41.75,,,,,,,,,,,,ONE COLOR,ONE SIZE,,0,,,,,https://media.modalyst.co/cache/f4/a1/f4a1bda24af30d12ec622badbc682a43.jpg,https://media.modalyst.co/cache/4c/de/4cde7edcbfc153eddd5e4f126cedf5c3.jpg,,,,,,
,,,,,,,,,16.50,,,,,,,,,,,,,,,0,,,,,https://media.modalyst.co/cache/f4/a1/f4a1bda24af30d12ec622badbc682a43.jpg,https://media.modalyst.co/cache/4c/de/4cde7edcbfc153eddd5e4f126cedf5c3.jpg,,,,,,
,,,,,,,,,41.75,,,,,,,,,,,,ONE COLOR,ONE SIZE,,0,,,,,https://media.modalyst.co/cache/f4/a1/f4a1bda24af30d12ec622badbc682a43.jpg,https://media.modalyst.co/cache/4c/de/4cde7edcbfc153eddd5e4f126cedf5c3.jpg,,,,,,
,,,,,,,,,41.75,,,,,,,,,,,,ONE COLOR,ONE SIZE,,0,,,,,https://media.modalyst.co/cache/f4/a1/f4a1bda24af30d12ec622badbc682a43.jpg,https://media.modalyst.co/cache/4c/de/4cde7edcbfc153eddd5e4f126cedf5c3.jpg,,,,,,
,,,,,,,,,70.50,,,,,,,,,,,,ONE COLOR,ONE SIZE,,0,,,,,https://media.modalyst.co/cache/f4/a1/f4a1bda24af30d12ec622badbc682a43.jpg,https://media.modalyst.co/cache/4c/de/4cde7edcbfc153eddd5e4f126cedf5c3.jpg,,,,,,
,,,,,,,,,41.75,,,,,,,,,,,,,,,0,,,,,https://media.modalyst.co/cache/f4/a1/f4a1bda24af30d12ec622badbc682a43.jpg,https://media.modalyst.co/cache/4c/de/4cde7edcbfc153eddd5e4f126cedf5c3.jpg,,,,,,
,,,,,,,,,41.75,,,,,,,,,,,,ONE COLOR,ONE SIZE,,0,,,,,https://media.modalyst.co/cache/f4/a1/f4a1bda24af30d12ec622badbc682a43.jpg,https://media.modalyst.co/cache/4c/de/4cde7edcbfc153eddd5e4f126cedf5c3.jpg,,,,,,
,,,,,,,,,16.50,,,,,,,,,,,,,,,319,,,,,https://media.modalyst.co/cache/f4/a1/f4a1bda24af30d12ec622badbc682a43.jpg,https://media.modalyst.co/cache/4c/de/4cde7edcbfc153eddd5e4f126cedf5c3.jpg,,,,,,
,,,,,,,,,16.50,,,,,,,,,,,,,,,0,,,,,https://media.modalyst.co/cache/f4/a1/f4a1bda24af30d12ec622badbc682a43.jpg,https://media.modalyst.co/cache/4c/de/4cde7edcbfc153eddd5e4f126cedf5c3.jpg,,,,,,
,,,,,,,,,16.50,,,,,,,,,,,,,,,0,,,,,https://media.modalyst.co/cache/f4/a1/f4a1bda24af30d12ec622badbc682a43.jpg,https://media.modalyst.co/cache/4c/de/4cde7edcbfc153eddd5e4f126cedf5c3.jpg,,,,,,
,,,,,,,,,16.50,,,,,,,,,,,,,,,361,,,,,https://media.modalyst.co/cache/f4/a1/f4a1bda24af30d12ec622badbc682a43.jpg,https://media.modalyst.co/cache/4c/de/4cde7edcbfc153eddd5e4f126cedf5c3.jpg,,,,,,
,,,,,,,,,16.50,,,,,,,,,,,,,,,0,,,,,https://media.modalyst.co/cache/f4/a1/f4a1bda24af30d12ec622badbc682a43.jpg,https://media.modalyst.co/cache/4c/de/4cde7edcbfc153eddd5e4f126cedf5c3.jpg,,,,,,
,,,,,,,,,16.50,,,,,,,,,,,,,,,468,,,,,https://media.modalyst.co/cache/f4/a1/f4a1bda24af30d12ec622badbc682a43.jpg,https://media.modalyst.co/cache/4c/de/4cde7edcbfc153eddd5e4f126cedf5c3.jpg,,,,,,
,,,,,,,,,16.50,,,,,,,,,,,,,,,0,,,,,https://media.modalyst.co/cache/f4/a1/f4a1bda24af30d12ec622badbc682a43.jpg,https://media.modalyst.co/cache/4c/de/4cde7edcbfc153eddd5e4f126cedf5c3.jpg,,,,,,
,,,,,,,,,16.50,,,,,,,,,,,,,,,0,,,,,https://media.modalyst.co/cache/f4/a1/f4a1bda24af30d12ec622badbc682a43.jpg,https://media.modalyst.co/cache/4c/de/4cde7edcbfc153eddd5e4f126cedf5c3.jpg,,,,,,
,,,,,,,,,68.50,,,,,,,,,,,,,,,649,,,,,https://media.modalyst.co/cache/f4/a1/f4a1bda24af30d12ec622badbc682a43.jpg,https://media.modalyst.co/cache/4c/de/4cde7edcbfc153eddd5e4f126cedf5c3.jpg,,,,,,
,,,,,,,,,68.50,,,,,,,,,,,,,,,0,,,,,https://media.modalyst.co/cache/f4/a1/f4a1bda24af30d12ec622badbc682a43.jpg,https://media.modalyst.co/cache/4c/de/4cde7edcbfc153eddd5e4f126cedf5c3.jpg,,,,,,
,,,,,,,,,41.75,,,,,,,,,,,,ONE COLOR,ONE SIZE,,609,,,,,https://media.modalyst.co/cache/f4/a1/f4a1bda24af30d12ec622badbc682a43.jpg,https://media.modalyst.co/cache/4c/de/4cde7edcbfc153eddd5e4f126cedf5c3.jpg,,,,,,
,,,,,,,,,68.50,,,,,,,,,,,,,,,0,,,,,https://media.modalyst.co/cache/f4/a1/f4a1bda24af30d12ec622badbc682a43.jpg,https://media.modalyst.co/cache/4c/de/4cde7edcbfc153eddd5e4f126cedf5c3.jpg,,,,,,
,,,,,,,,,16.50,,,,,,,,,,,,,,,734,,,,,https://media.modalyst.co/cache/f4/a1/f4a1bda24af30d12ec622badbc682a43.jpg,https://media.modalyst.co/cache/4c/de/4cde7edcbfc153eddd5e4f126cedf5c3.jpg,,,,,,
,,,,,,,,,68.50,,,,,,,,,,,,,,,645,,,,,https://media.modalyst.co/cache/f4/a1/f4a1bda24af30d12ec622badbc682a43.jpg,https://media.modalyst.co/cache/4c/de/4cde7edcbfc153eddd5e4f126cedf5c3.jpg,,,,,,
,,,,,,,,,68.50,,,,,,,,,,,,,,,0,,,,,https://media.modalyst.co/cache/f4/a1/f4a1bda24af30d12ec622badbc682a43.jpg,https://media.modalyst.co/cache/4c/de/4cde7edcbfc153eddd5e4f126cedf5c3.jpg,,,,,,
,,,,,,,,,68.50,,,,,,,,,,,,,,,494,,,,,https://media.modalyst.co/cache/f4/a1/f4a1bda24af30d12ec622badbc682a43.jpg,https://media.modalyst.co/cache/4c/de/4cde7edcbfc153eddd5e4f126cedf5c3.jpg,,,,,,
,,,,,,,,,68.50,,,,,,,,,,,,,,,0,,,,,https://media.modalyst.co/cache/f4/a1/f4a1bda24af30d12ec622badbc682a43.jpg,https://media.modalyst.co/cache/4c/de/4cde7edcbfc153eddd5e4f126cedf5c3.jpg,,,,,,
,,,,,,,,,68.50,,,,,,,,,,,,,,,0,,,,,https://media.modalyst.co/cache/f4/a1/f4a1bda24af30d12ec622badbc682a43.jpg,https://media.modalyst.co/cache/4c/de/4cde7edcbfc153eddd5e4f126cedf5c3.jpg,,,,,,
,,,,,,,,,18.00,,,,,,,,,,,,,,,0,,,,,https://media.modalyst.co/cache/f4/a1/f4a1bda24af30d12ec622badbc682a43.jpg,https://media.modalyst.co/cache/4c/de/4cde7edcbfc153eddd5e4f126cedf5c3.jpg,,,,,,
,,,,,,,,,18.00,,,,,,,,,,,,,,,0,,,,,https://media.modalyst.co/cache/f4/a1/f4a1bda24af30d12ec622badbc682a43.jpg,https://media.modalyst.co/cache/4c/de/4cde7edcbfc153eddd5e4f126cedf5c3.jpg,,,,,,
,,,,,,,,,18.00,,,,,,,,,,,,,,,653,,,,,https://media.modalyst.co/cache/f4/a1/f4a1bda24af30d12ec622badbc682a43.jpg,https://media.modalyst.co/cache/4c/de/4cde7edcbfc153eddd5e4f126cedf5c3.jpg,,,,,,
,,,,,,,,,68.50,,,,,,,,,,,,,,,0,,,,,https://media.modalyst.co/cache/f4/a1/f4a1bda24af30d12ec622badbc682a43.jpg,https://media.modalyst.co/cache/4c/de/4cde7edcbfc153eddd5e4f126cedf5c3.jpg,,,,,,
,,,,,,,,,41.00,,,,,,,,,,,,,,,0,,,,,https://media.modalyst.co/cache/f4/a1/f4a1bda24af30d12ec622badbc682a43.jpg,https://media.modalyst.co/cache/4c/de/4cde7edcbfc153eddd5e4f126cedf5c3.jpg,,,,,,
,,,,,,,,,41.00,,,,,,,,,,,,,,,0,,,,,https://media.modalyst.co/cache/f4/a1/f4a1bda24af30d12ec622badbc682a43.jpg,https://media.modalyst.co/cache/4c/de/4cde7edcbfc153eddd5e4f126cedf5c3.jpg,,,,,,
,,,,,,,,,41.00,,,,,,,,,,,,,,,582,,,,,https://media.modalyst.co/cache/f4/a1/f4a1bda24af30d12ec622badbc682a43.jpg,https://media.modalyst.co/cache/4c/de/4cde7edcbfc153eddd5e4f126cedf5c3.jpg,,,,,,
,,,,,,,,,16.50,,,,,,,,,,,,,,,0,,,,,https://media.modalyst.co/cache/f4/a1/f4a1bda24af30d12ec622badbc682a43.jpg,https://media.modalyst.co/cache/4c/de/4cde7edcbfc153eddd5e4f126cedf5c3.jpg,,,,,,
,,,,,,,,,41.00,,,,,,,,,,,,,,,444,,,,,https://media.modalyst.co/cache/f4/a1/f4a1bda24af30d12ec622badbc682a43.jpg,https://media.modalyst.co/cache/4c/de/4cde7edcbfc153eddd5e4f126cedf5c3.jpg,,,,,,
,,,,,,,,,41.00,,,,,,,,,,,,,,,0,,,,,https://media.modalyst.co/cache/f4/a1/f4a1bda24af30d12ec622badbc682a43.jpg,https://media.modalyst.co/cache/4c/de/4cde7edcbfc153eddd5e4f126cedf5c3.jpg,,,,,,
,,,,,,,,,41.00,,,,,,,,,,,,,,,0,,,,,https://media.modalyst.co/cache/f4/a1/f4a1bda24af30d12ec622badbc682a43.jpg,https://media.modalyst.co/cache/4c/de/4cde7edcbfc153eddd5e4f126cedf5c3.jpg,,,,,,
,,,,,,,,,41.00,,,,,,,,,,,,,,,590,,,,,https://media.modalyst.co/cache/f4/a1/f4a1bda24af30d12ec622badbc682a43.jpg,https://media.modalyst.co/cache/4c/de/4cde7edcbfc153eddd5e4f126cedf5c3.jpg,,,,,,
,,,,,,,,,41.00,,,,,,,,,,,,,,,0,,,,,https://media.modalyst.co/cache/f4/a1/f4a1bda24af30d12ec622badbc682a43.jpg,https://media.modalyst.co/cache/4c/de/4cde7edcbfc153eddd5e4f126cedf5c3.jpg,,,,,,
,,,,,,,,,41.00,,,,,,,,,,,,,,,291,,,,,https://media.modalyst.co/cache/f4/a1/f4a1bda24af30d12ec622badbc682a43.jpg,https://media.modalyst.co/cache/4c/de/4cde7edcbfc153eddd5e4f126cedf5c3.jpg,,,,,,
,,,,,,,,,41.00,,,,,,,,,,,,,,,0,,,,,https://media.modalyst.co/cache/f4/a1/f4a1bda24af30d12ec622badbc682a43.jpg,https://media.modalyst.co/cache/4c/de/4cde7edcbfc153eddd5e4f126cedf5c3.jpg,,,,,,
,,,,,,,,,41.00,,,,,,,,,,,,,,,0,,,,,https://media.modalyst.co/cache/f4/a1/f4a1bda24af30d12ec622badbc682a43.jpg,https://media.modalyst.co/cache/4c/de/4cde7edcbfc153eddd5e4f126cedf5c3.jpg,,,,,,
,,,,,,,,,68.50,,,,,,,,,,,,,,,0,,,,,https://media.modalyst.co/cache/f4/a1/f4a1bda24af30d12ec622badbc682a43.jpg,https://media.modalyst.co/cache/4c/de/4cde7edcbfc153eddd5e4f126cedf5c3.jpg,,,,,,
,,,,,,,,,68.50,,,,,,,,,,,,,,,0,,,,,https://media.modalyst.co/cache/f4/a1/f4a1bda24af30d12ec622badbc682a43.jpg,https://media.modalyst.co/cache/4c/de/4cde7edcbfc153eddd5e4f126cedf5c3.jpg,,,,,,
,,,,,,,,,68.50,,,,,,,,,,,,,,,548,,,,,https://media.modalyst.co/cache/f4/a1/f4a1bda24af30d12ec622badbc682a43.jpg,https://media.modalyst.co/cache/4c/de/4cde7edcbfc153eddd5e4f126cedf5c3.jpg,,,,,,
,,,,,,,,,41.00,,,,,,,,,,,,,,,0,,,,,https://media.modalyst.co/cache/f4/a1/f4a1bda24af30d12ec622badbc682a43.jpg,https://media.modalyst.co/cache/4c/de/4cde7edcbfc153eddd5e4f126cedf5c3.jpg,,,,,,
,,,,,,,,,16.50,,,,,,,,,,,,,,,0,,,,,https://media.modalyst.co/cache/f4/a1/f4a1bda24af30d12ec622badbc682a43.jpg,https://media.modalyst.co/cache/4c/de/4cde7edcbfc153eddd5e4f126cedf5c3.jpg,,,,,,
,,,,,,,,,41.75,,,,,,,,,,,,,,,0,,,,,https://media.modalyst.co/cache/f4/a1/f4a1bda24af30d12ec622badbc682a43.jpg,https://media.modalyst.co/cache/4c/de/4cde7edcbfc153eddd5e4f126cedf5c3.jpg,,,,,,
,,,,,,,,,70.50,,,,,,,,,,,,ONE COLOR,ONE SIZE,,344,,,,,https://media.modalyst.co/cache/f4/a1/f4a1bda24af30d12ec622badbc682a43.jpg,https://media.modalyst.co/cache/4c/de/4cde7edcbfc153eddd5e4f126cedf5c3.jpg,,,,,,
,,,,,,,,,41.75,,,,,,,,,,,,ONE COLOR,ONE SIZE,,0,,,,,https://media.modalyst.co/cache/f4/a1/f4a1bda24af30d12ec622badbc682a43.jpg,https://media.modalyst.co/cache/4c/de/4cde7edcbfc153eddd5e4f126cedf5c3.jpg,,,,,,
,,,,,,,,,18.00,,,,,,,,,,,,ONE COLOR,ONE SIZE,,0,,,,,https://media.modalyst.co/cache/f4/a1/f4a1bda24af30d12ec622badbc682a43.jpg,https://media.modalyst.co/cache/4c/de/4cde7edcbfc153eddd5e4f126cedf5c3.jpg,,,,,,
,,,,,,,,,41.75,,,,,,,,,,,,ONE COLOR,ONE SIZE,,0,,,,,https://media.modalyst.co/cache/f4/a1/f4a1bda24af30d12ec622badbc682a43.jpg,https://media.modalyst.co/cache/4c/de/4cde7edcbfc153eddd5e4f126cedf5c3.jpg,,,,,,
,,,,,,,,,70.50,,,,,,,,,,,,,,,622,,,,,https://media.modalyst.co/cache/f4/a1/f4a1bda24af30d12ec622badbc682a43.jpg,https://media.modalyst.co/cache/4c/de/4cde7edcbfc153eddd5e4f126cedf5c3.jpg,,,,,,
,,,,,,,,,18.00,,,,,,,,,,,,,,,0,,,,,https://media.modalyst.co/cache/f4/a1/f4a1bda24af30d12ec622badbc682a43.jpg,https://media.modalyst.co/cache/4c/de/4cde7edcbfc153eddd5e4f126cedf5c3.jpg,,,,,,
,,,,,,,,,70.50,,,,,,,,,,,,ONE COLOR,ONE SIZE,,553,,,,,https://media.modalyst.co/cache/f4/a1/f4a1bda24af30d12ec622badbc682a43.jpg,https://media.modalyst.co/cache/4c/de/4cde7edcbfc153eddd5e4f126cedf5c3.jpg,,,,,,
,,,,,,,,,70.50,,,,,,,,,,,,ONE COLOR,ONE SIZE,,0,,,,,https://media.modalyst.co/cache/f4/a1/f4a1bda24af30d12ec622badbc682a43.jpg,https://media.modalyst.co/cache/4c/de/4cde7edcbfc153eddd5e4f126cedf5c3.jpg,,,,,,
,,,,,,,,,18.00,,,,,,,,,,,,ONE COLOR,ONE SIZE,,488,,,,,https://media.modalyst.co/cache/f4/a1/f4a1bda24af30d12ec622badbc682a43.jpg,https://media.modalyst.co/cache/4c/de/4cde7edcbfc153eddd5e4f126cedf5c3.jpg,,,,,,
,,,,,,,,,41.75,,,,,,,,,,,,ONE COLOR,ONE SIZE,,0,,,,,https://media.modalyst.co/cache/f4/a1/f4a1bda24af30d12ec622badbc682a43.jpg,https://media.modalyst.co/cache/4c/de/4cde7edcbfc153eddd5e4f126cedf5c3.jpg,,,,,,
,,,,,,,,,70.50,,,,,,,,,,,,ONE COLOR,ONE SIZE,,239,,,,,https://media.modalyst.co/cache/f4/a1/f4a1bda24af30d12ec622badbc682a43.jpg,https://media.modalyst.co/cache/4c/de/4cde7edcbfc153eddd5e4f126cedf5c3.jpg,,,,,,
,,,,,,,,,41.75,,,,,,,,,,,,ONE COLOR,ONE SIZE,,0,,,,,https://media.modalyst.co/cache/f4/a1/f4a1bda24af30d12ec622badbc682a43.jpg,https://media.modalyst.co/cache/4c/de/4cde7edcbfc153eddd5e4f126cedf5c3.jpg,,,,,,
,,,,,,,,,70.50,,,,,,,,,,,,ONE COLOR,ONE SIZE,,526,,,,,https://media.modalyst.co/cache/f4/a1/f4a1bda24af30d12ec622badbc682a43.jpg,https://media.modalyst.co/cache/4c/de/4cde7edcbfc153eddd5e4f126cedf5c3.jpg,,,,,,
,,,,,,,,,70.50,,,,,,,,,,,,ONE COLOR,ONE SIZE,,0,,,,,https://media.modalyst.co/cache/f4/a1/f4a1bda24af30d12ec622badbc682a43.jpg,https://media.modalyst.co/cache/4c/de/4cde7edcbfc153eddd5e4f126cedf5c3.jpg,,,,,,
,,,,,,,,,41.75,,,,,,,,,,,,ONE COLOR,ONE SIZE,,573,,,,,https://media.modalyst.co/cache/f4/a1/f4a1bda24af30d12ec622badbc682a43.jpg,https://media.modalyst.co/cache/4c/de/4cde7edcbfc153eddd5e4f126cedf5c3.jpg,,,,,,
,,,,,,,,,70.50,,,,,,,,,,,,,,,0,,,,,https://media.modalyst.co/cache/f4/a1/f4a1bda24af30d12ec622badbc682a43.jpg,https://media.modalyst.co/cache/4c/de/4cde7edcbfc153eddd5e4f126cedf5c3.jpg,,,,,,
,,,,,,,,,18.00,,,,,,,,,,,,ONE COLOR,ONE SIZE,,525,,,,,https://media.modalyst.co/cache/f4/a1/f4a1bda24af30d12ec622badbc682a43.jpg,https://media.modalyst.co/cache/4c/de/4cde7edcbfc153eddd5e4f126cedf5c3.jpg,,,,,,
,,,,,,,,,70.50,,,,,,,,,,,,ONE COLOR,ONE SIZE,,0,,,,,https://media.modalyst.co/cache/f4/a1/f4a1bda24af30d12ec622badbc682a43.jpg,https://media.modalyst.co/cache/4c/de/4cde7edcbfc153eddd5e4f126cedf5c3.jpg,,,,,,
,,,,,,,,,18.00,,,,,,,,,,,,,,,450,,,,,https://media.modalyst.co/cache/f4/a1/f4a1bda24af30d12ec622badbc682a43.jpg,https://media.modalyst.co/cache/4c/de/4cde7edcbfc153eddd5e4f126cedf5c3.jpg,,,,,,
,,,,,,,,,18.00,,,,,,,,,,,,ONE COLOR,ONE SIZE,,0,,,,,https://media.modalyst.co/cache/f4/a1/f4a1bda24af30d12ec622badbc682a43.jpg,https://media.modalyst.co/cache/4c/de/4cde7edcbfc153eddd5e4f126cedf5c3.jpg,,,,,,
,,,,,,,,,41.75,,,,,,,,,,,,ONE COLOR,ONE SIZE,,359,,,,,https://media.modalyst.co/cache/f4/a1/f4a1bda24af30d12ec622badbc682a43.jpg,https://media.modalyst.co/cache/4c/de/4cde7edcbfc153eddd5e4f126cedf5c3.jpg,,,,,,
,,,,,,,,,18.00,,,,,,,,,,,,ONE COLOR,ONE SIZE,,316,,,,,https://media.modalyst.co/cache/f4/a1/f4a1bda24af30d12ec622badbc682a43.jpg,https://media.modalyst.co/cache/4c/de/4cde7edcbfc153eddd5e4f126cedf5c3.jpg,,,,,,
,,,,,,,,,41.75,,,,,,,,,,,,ONE COLOR,ONE SIZE,,567,,,,,https://media.modalyst.co/cache/f4/a1/f4a1bda24af30d12ec622badbc682a43.jpg,https://media.modalyst.co/cache/4c/de/4cde7edcbfc153eddd5e4f126cedf5c3.jpg,,,,,,
,,,,,,,,,70.50,,,,,,,,,,,,ONE COLOR,ONE SIZE,,0,,,,,https://media.modalyst.co/cache/f4/a1/f4a1bda24af30d12ec622badbc682a43.jpg,https://media.modalyst.co/cache/4c/de/4cde7edcbfc153eddd5e4f126cedf5c3.jpg,,,,,,
,,,,,,,,,41.75,,,,,,,,,,,,,,,634,,,,,https://media.modalyst.co/cache/f4/a1/f4a1bda24af30d12ec622badbc682a43.jpg,https://media.modalyst.co/cache/4c/de/4cde7edcbfc153eddd5e4f126cedf5c3.jpg,,,,,,
,,,,,,,,,18.00,,,,,,,,,,,,ONE COLOR,ONE SIZE,,0,,,,,https://media.modalyst.co/cache/f4/a1/f4a1bda24af30d12ec622badbc682a43.jpg,https://media.modalyst.co/cache/4c/de/4cde7edcbfc153eddd5e4f126cedf5c3.jpg,,,,,,
